,invoice_id,customer,status,invoice_modified,invoice_created
0,inv_1001,093a35fa-f080-4614-b84b-d6f4c4be52cd,draft,day1,day1
1,inv_1002,053adab7-c73f-43a8-89e5-15fb7945cb5c,sent,day1,day1
2,inv_1003,bea69cf2-a06c-4e77-b7be-997848ae50cd,sent,day1,day1
3,inv_1004,23756ee0-8498-42ee-af99-eb1af4472e59,sent,day1,day1
4,inv_1005,9c4a8f1b-c469-40e6-9dd7-a3ff3dc7af61,draft,day1,day1
5,inv_1006,6465a6fa-8b3b-42fe-b407-0ceb82e78a70,sent,day1,day1
6,inv_1007,b8683db7-6e1b-412d-b22f-8dae7b27ce6d,sent,day1,day1
7,inv_1008,ac001408-f301-4352-a65e-d5ab508b1376,sent,day1,day1
8,inv_1009,a76469c2-202e-45b3-ad7e-4b0070f9701a,sent,day1,day1
9,inv_1010,267c0432-cd9e-41f4-9cb6-660cce207110,sent,day1,day1
10,inv_1011,cf51f990-a0b2-41a5-917a-017f71a3b27a,sent,day1,day1
11,inv_1012,b8aa7fb9-11d1-44e1-b2bc-5f09d1619669,sent,day1,day1
12,inv_1013,27d6e811-60d6-4e7b-bfc6-f525869fb4d5,sent,day1,day1
13,inv_1014,c2afeb8d-88b3-4ccf-8e4c-2035399d9cf6,sent,day1,day1
14,inv_1015,6e99e2da-ac5a-48f6-893c-ce97d35304c9,sent,day1,day1
15,inv_1016,20b1dd2e-df75-460c-bd4f-233dc7b64251,sent,day1,day1
16,inv_1017,76b38d5d-220f-4104-beac-ed3ca9c899e0,sent,day1,day1
17,inv_1018,ce0f40ca-ce95-41ac-b93b-03438039628c,sent,day1,day1
18,inv_1019,0a6e92af-9745-4efc-a0cf-0d55e158c720,sent,day1,day1
19,inv_1020,0a2c8d5f-5043-4c6c-b6b4-cea801ebeff0,sent,day1,day1
20,inv_1021,2af2cced-0055-43f2-8754-d2655f0e45b8,sent,day1,day1
21,inv_1022,20019aee-a262-45ea-992e-bc02d390e8f8,sent,day1,day1
22,inv_1023,78eade13-eb49-4267-9cf1-d35c27d9a8c4,sent,day1,day1
23,inv_1024,f300c614-1563-4237-af67-1ffd3781cf15,sent,day1,day1
24,inv_1025,e1012b91-32f3-4f37-a4fb-bfa1d4815836,sent,day1,day1
25,inv_1026,a4908107-190e-4bc7-8594-e4933ff3eda5,sent,day1,day1
26,inv_1027,8ca07cf4-64fa-45ba-b705-44551ece3be6,sent,day1,day1
27,inv_1028,ca9bc6b8-8452-43bb-a8b7-0b84d44c5d7e,sent,day1,day1
28,inv_1029,0f08869b-9471-420f-92ba-ae90276d37bc,sent,day1,day1
29,inv_1030,3b4f85d5-9f66-4617-b959-8aaadcb90544,sent,day1,day1
30,inv_1031,9ce28535-b90b-46b0-a1d9-73e1eb803b29,sent,day1,day1
31,inv_1032,933e0d8c-add9-4302-babc-fc6873d58dd1,sent,day1,day1
32,inv_1033,679e0e4b-0e52-4cb8-83ec-b899f3ba834f,sent,day1,day1
33,inv_1034,3b801dfe-2428-4de5-a6d4-a55a3539ad94,sent,day1,day1
34,inv_1035,73911aff-0531-4594-8b0b-62b9f83f4bac,sent,day1,day1
35,inv_1036,f0a7d2fb-402e-498b-b733-af11375d1e8f,sent,day1,day1
36,inv_1037,cbea6437-7d2a-45ee-9c13-8fded2fed304,draft,day1,day1
37,inv_1038,a6b80cd1-f932-45cc-a139-d9ef2444781a,sent,day1,day1
38,inv_1039,08b9a00d-2d3a-4019-bd1f-f113d324ab48,sent,day1,day1
39,inv_1040,ea51c57d-9d9e-4e48-b785-2edac62d8054,sent,day1,day1
40,inv_1041,0e0ff898-7d49-4cd5-abc4-6bb5207c6a64,sent,day1,day1
41,inv_1042,71c2e911-93a0-49c7-aca7-553265048294,sent,day1,day1
42,inv_1043,d81e01f4-210f-4960-9c21-5bdef789990e,sent,day1,day1
43,inv_1044,e7d2dd79-4c74-42e1-b712-765d5203d687,sent,day1,day1
44,inv_1045,8da6817e-9291-4fc9-999b-0fef2ab04613,sent,day1,day1
45,inv_1046,f9e8822a-40bf-4d61-a92b-c448301d8e30,sent,day1,day1
46,inv_1047,b717c198-dbb1-4baa-a2ae-c390349fd44c,sent,day1,day1
47,inv_1048,14c4c3d4-f270-412e-88d7-8403fff123f8,sent,day1,day1
48,inv_1049,f2b46fd7-3a59-4796-af43-9dfdd12e64d7,sent,day1,day1
49,inv_1050,9ea32e2c-672c-4cb7-9cec-530aac30a28a,sent,day1,day1
50,inv_1051,30eb1163-db39-43e6-abdd-93f9f9dedfb3,sent,day1,day1
51,inv_1052,7a15bdd6-4161-4da8-8e9a-4a213d60beeb,sent,day1,day1
52,inv_1053,b8e556a4-af24-42b7-a046-c42c81422cd3,sent,day1,day1
53,inv_1054,19b050f3-d335-4aba-9dbf-5c3f2d1ad542,sent,day1,day1
54,inv_1055,66540550-c51b-4f3c-92be-dea36d1bd84e,sent,day1,day1
55,inv_1056,5628d059-0f44-498b-b0f1-b617fee493ac,sent,day1,day1
56,inv_1057,1081ff19-7b07-46b6-b4e7-c835f5a80133,sent,day1,day1
57,inv_1058,522d852f-f557-48df-9c76-4ba8883d2551,sent,day1,day1
58,inv_1059,d7764da5-b22e-4855-886a-85a756f75b73,sent,day1,day1
59,inv_1060,81fcfd5d-583c-402b-aff9-8e7cabf351bb,sent,day1,day1
60,inv_1061,0354a93c-1c14-4653-bee7-8db5a194184f,sent,day1,day1
61,inv_1062,546ea41e-cc22-4605-a232-60a2aea23a95,sent,day1,day1
62,inv_1063,feee738a-29ef-4cfa-a57e-728d09afc15f,sent,day1,day1
63,inv_1064,aae44a4e-1c25-4aac-8cb4-ed11d1ecefbb,sent,day1,day1
64,inv_1065,5046d676-c925-4df6-b95a-ee30fdddeff6,sent,day1,day1
65,inv_1066,0c7d5a6c-abdf-4e2b-857e-b1068d1c7322,sent,day1,day1
66,inv_1067,5283c8b9-627c-4785-a1ea-0c9836051362,sent,day1,day1
67,inv_1068,c43beb89-44a2-4e9d-abc1-fe314d874aff,sent,day1,day1
68,inv_1069,096994cf-3bd6-466a-8368-7078e95158db,sent,day1,day1
69,inv_1070,a1432555-6959-4cc7-8295-1196f5a975fa,sent,day1,day1
70,inv_1071,03eba35e-b042-4dd4-adf1-e9904733ed12,sent,day1,day1
71,inv_1072,5b94480b-76f9-427e-90c4-1b14492f6dd8,sent,day1,day1
72,inv_1073,b7287859-0f31-4641-80da-c6d3b0b4b422,sent,day1,day1
73,inv_1074,6233053b-c74d-4331-b6a7-b8d2097b06cc,sent,day1,day1
74,inv_1075,d12f3c28-0eee-4fb1-ae97-29e41c12fe4e,sent,day1,day1
75,inv_1076,131accc9-d9eb-488d-a52d-1fc00d0c61d8,sent,day1,day1
76,inv_1077,2a5ea7a0-2649-4561-b1bf-6b03358188a6,sent,day1,day1
77,inv_1078,28de4250-131f-43f4-b04c-4b38f9d9c958,sent,day1,day1
78,inv_1079,cc30b2a8-c9ac-4f38-9b3d-c080e5749891,sent,day1,day1
79,inv_1080,ae352716-7777-4053-a1fe-f954c939a10b,sent,day1,day1
80,inv_1081,dc74f055-f744-443a-a85f-3aed418ec105,draft,day1,day1
81,inv_1082,47f4c6df-798f-4dfa-a1b4-593255bc120c,sent,day1,day1
82,inv_1083,e04a1941-f3ab-4364-bf95-00ec047be8b5,sent,day1,day1
83,inv_1084,1c0f2fd9-f1b6-4557-83d7-7bbd5012327b,sent,day1,day1
84,inv_1085,85026fff-e8a7-4443-a4d5-cbe2f9b63500,sent,day1,day1
85,inv_1086,57e68308-b302-4f59-88d2-4ec825a234f8,sent,day1,day1
86,inv_1087,4a96635d-74de-47ff-ab39-565ba4fd15f8,draft,day1,day1
87,inv_1088,4ab3ccae-6169-4afe-8218-922bcafd3b52,sent,day1,day1
88,inv_1089,0877cf8c-2465-43df-ab05-fbe99b0575d3,sent,day1,day1
89,inv_1090,019293de-4ae3-496b-ba41-69a55cc38129,sent,day1,day1
90,inv_1091,ee495452-53a5-43b2-bfcb-a269f9e5f19e,draft,day1,day1
91,inv_1092,5edefb66-2fcc-4e01-8586-38794ace967a,sent,day1,day1
92,inv_1093,7628c9c8-f11e-4119-908c-9f551d2f12a5,sent,day1,day1
93,inv_1094,5ea4dd64-550c-46e8-8f5d-7a58d80ffb74,sent,day1,day1
94,inv_1095,5ccd60fa-2dff-41c6-8e00-3e05df2c1e03,sent,day1,day1
95,inv_1096,3b7c864c-96ab-47b9-afdd-9c0575908c8d,sent,day1,day1
96,inv_1097,f9ff43bf-d677-4e4c-bc3b-1bc371d887c0,sent,day1,day1
97,inv_1098,01876c3f-7dbf-4c37-9922-9352a73cf396,sent,day1,day1
98,inv_1099,aa607791-8d6e-4511-a17b-7576c5bf1512,sent,day1,day1
99,inv_1100,2d589dcf-6015-45e1-a876-587bca0e783d,sent,day1,day1
100,inv_1101,ce96e505-9ca6-42ef-92e9-bad504fdf70a,sent,day1,day1
101,inv_1102,a13f2985-18bb-4d3b-af1d-90da96d3b258,sent,day1,day1
102,inv_1103,670d17de-8f57-452f-a9a3-36bd28341099,draft,day1,day1
103,inv_1104,6fe40ded-843e-487b-a794-2e5a4771876b,sent,day1,day1
104,inv_1105,11c366ff-69c6-4808-9735-c18577496f6b,draft,day1,day1
105,inv_1106,1aa06f43-5ea1-4265-a674-84a69b5667d4,sent,day1,day1
106,inv_1107,2427c69d-4804-4af2-859d-12ec6485f232,sent,day1,day1
107,inv_1108,f57bd2fb-548c-4105-9f9d-a23b65256b7c,draft,day1,day1
108,inv_1109,78051760-efa7-4f77-93d8-00ca3268f5c2,sent,day1,day1
109,inv_1110,1c76c71d-dcc6-4735-aa56-c00fac664585,sent,day1,day1
110,inv_1111,f0fc7cf9-7017-4e07-abd0-59c900f7fafe,sent,day1,day1
111,inv_1112,058fe711-b5e3-4df3-90c7-e9ab90e2da58,sent,day1,day1
112,inv_1113,8007b6fc-f0cd-454f-b7a5-a83c80f5ffbf,sent,day1,day1
113,inv_1114,5ba3096f-8b5a-4f66-b04f-b8c2be113ce4,sent,day1,day1
114,inv_1115,4608f75e-2cfc-46a9-b68f-f13a1fb53557,sent,day1,day1
115,inv_1116,40350bef-e3f1-44ab-9f8b-89cd88f8c1f7,sent,day1,day1
116,inv_1117,225895a2-3b11-4a19-8dab-e96c0073ceaa,sent,day1,day1
117,inv_1118,7113d699-d153-44d8-8aa6-d05df5bacc76,sent,day1,day1
118,inv_1119,e0791d3a-ad7d-473a-8d1d-a32e06a09838,sent,day1,day1
119,inv_1120,cc387341-23c4-4942-8023-6227f6c59892,sent,day1,day1
120,inv_1121,881cae76-0672-4b60-8a4c-6b8488a32c3d,sent,day1,day1
121,inv_1122,eb16a3b7-44a4-4bfd-adab-224792f85290,sent,day1,day1
122,inv_1123,6eb6812b-789a-40ad-9a9d-1b416efba687,sent,day1,day1
123,inv_1124,2dba4ec8-6d3b-48b1-a482-0c4a5de4df1c,sent,day1,day1
124,inv_1125,2580d724-48df-4b74-a427-a56899e3f539,sent,day1,day1
125,inv_1126,63215852-3ca0-4714-aa81-4e6ab0d39621,sent,day1,day1
126,inv_1127,dadba00a-5e37-492a-a315-f8d0baad3b43,sent,day1,day1
127,inv_1128,ac58a1bb-2fea-479c-9498-4cc2f849440c,draft,day1,day1
128,inv_1129,a78ed451-1c07-4902-b890-5c74d6530894,sent,day1,day1
129,inv_1130,7385d947-67c4-4168-89f3-028f85c20e62,sent,day1,day1
130,inv_1131,e4da60be-c1cd-49b7-becb-5376996abe34,sent,day1,day1
131,inv_1132,0ca3ffd5-0f8c-447a-904b-305b18738da0,draft,day1,day1
132,inv_1133,302f9942-1d2b-482c-a5ae-e0f80a077827,sent,day1,day1
133,inv_1134,c68c00aa-6dbc-478a-acef-d4410a4a14a2,sent,day1,day1
134,inv_1135,107eea57-9312-473f-a946-ad30bd1a325f,sent,day1,day1
135,inv_1136,d275832b-5b45-4174-9c17-3044462a85b3,sent,day1,day1
136,inv_1137,c2280a0f-3974-4d40-8f99-f5f81b24bab5,sent,day1,day1
137,inv_1138,90bbd39c-7e20-4587-92ec-e7f43a7dfbba,sent,day1,day1
138,inv_1139,ff3865ad-05b0-4c16-842a-71c3d7a13b1d,sent,day1,day1
139,inv_1140,10201511-b190-494a-9435-f303bc1cd11b,sent,day1,day1
140,inv_1141,174b1293-f1af-4f86-a585-e5646361c5f4,sent,day1,day1
141,inv_1142,d98d343f-86e5-4d26-9250-56094ec84a43,sent,day1,day1
142,inv_1143,1eb96aba-3453-42f1-9f09-6a5c2dd96ca3,sent,day1,day1
143,inv_1144,aacd1862-9d62-4f74-9b5c-4b1d55d416a0,sent,day1,day1
144,inv_1145,afc55624-7b26-4184-98eb-46580c22fdf1,sent,day1,day1
145,inv_1146,e9229290-235f-41d1-a87d-cc0d42982034,sent,day1,day1
146,inv_1147,a8906792-ef9a-466d-a7d8-eb047a31d8aa,sent,day1,day1
147,inv_1148,0a3fb178-b69d-421a-99a9-612e16fe8aa5,sent,day1,day1
148,inv_1149,3d3ead01-c2cb-4b63-89a8-6761867087f2,sent,day1,day1
149,inv_1150,8c64750d-5ffa-4a91-8523-5d07cfa209ec,sent,day1,day1
150,inv_1151,177675d0-fed1-4c74-a7bc-f23f2a8a293d,sent,day1,day1
151,inv_1152,7352c8df-12ed-4509-a095-b5fbdaf80c7f,draft,day1,day1
152,inv_1153,eb1a7f2f-620a-48b4-96f9-ae4072d1e560,sent,day1,day1
153,inv_1154,e0d98d95-30da-43b0-be5b-9a51efa54d35,sent,day1,day1
154,inv_1155,28b6a297-8958-4945-812c-efbae65b6794,sent,day1,day1
155,inv_1156,727a8692-4d9b-400d-980c-b9d30b2f0254,sent,day1,day1
156,inv_1157,206f7d1c-1b6f-426f-885a-8c3e2e41a9f8,sent,day1,day1
157,inv_1158,f903b71b-4de6-48c6-b53e-c30d015a5617,sent,day1,day1
158,inv_1159,cd9972e1-246b-4bd6-a613-3cee967345f3,sent,day1,day1
159,inv_1160,51f6ab4a-3f85-4f5d-9a4e-bedd2b9661fc,sent,day1,day1
160,inv_1161,0afe63e7-9fec-4070-ba72-eee464053a93,sent,day1,day1
161,inv_1162,e6d643c9-e7e7-4795-b8e6-3d3aac832962,sent,day1,day1
162,inv_1163,36ada41f-de93-4860-a6fc-3bacb012e0ab,sent,day1,day1
163,inv_1164,77f45456-1f4b-4c6f-a28c-e68c837241c3,sent,day1,day1
164,inv_1165,c8a02e22-5e09-4415-814c-7940efe70470,sent,day1,day1
165,inv_1166,03a58b41-ff63-4ce2-b123-5af1092228a1,sent,day1,day1
166,inv_1167,2694c308-955d-412d-8b08-bdc416df740d,sent,day1,day1
167,inv_1168,5885b15c-45bd-439a-9417-931d02eb610f,draft,day1,day1
168,inv_1169,b8e66c35-18b5-4b81-b89c-087c40ad7166,sent,day1,day1
169,inv_1170,2468e387-466b-4522-9753-569a57fd02bb,sent,day1,day1
170,inv_1171,e2a0edc9-fbd7-4235-b1c5-6641dbf41c55,sent,day1,day1
171,inv_1172,5149e82b-fbe3-4f9e-949e-978d3ffa0530,sent,day1,day1
172,inv_1173,4e19e59e-3cb6-4db6-b893-f093e9bcce4d,sent,day1,day1
173,inv_1174,91ccec41-b39b-437d-a56f-46f4e3e4ff1f,draft,day1,day1
174,inv_1175,5dd943b7-dc19-4028-9273-04276c42cd37,sent,day1,day1
175,inv_1176,01b37dcf-8afb-4bfc-9bf2-cdc2c1575830,sent,day1,day1
176,inv_1177,4d33b996-9cff-4a20-91a7-291a62551597,sent,day1,day1
177,inv_1178,c08632c5-6573-4c74-afea-b7b3c64d4a3c,sent,day1,day1
178,inv_1179,10ca47cd-2f3c-4558-bfbe-7f6549d0b026,sent,day1,day1
179,inv_1180,c2fb1d1f-b197-418d-b9e2-c9357143f890,sent,day1,day1
180,inv_1181,a97d616f-0761-4e04-a390-141dfd6640d4,sent,day1,day1
181,inv_1182,6ac24ce0-c698-42de-ac8d-bb4863f3804b,sent,day1,day1
182,inv_1183,0be78449-5606-40e4-bfb4-138ab270114f,sent,day1,day1
183,inv_1184,48c0b4bd-ecc0-4c19-a479-ae1b662b3a29,sent,day1,day1
184,inv_1185,cbdb8a72-f588-48a7-b9a2-5e85c16fd5dc,sent,day1,day1
185,inv_1186,ea831e3b-8aa0-4798-926d-df8a4925d5a1,sent,day1,day1
186,inv_1187,718c6be9-12cb-4aa7-8dd2-6eb497b9ed9b,draft,day1,day1
187,inv_1188,a0760a75-ffb6-48ce-9f90-fdb3e9471979,sent,day1,day1
188,inv_1189,963113e8-2631-4002-b68f-18b61478cbcb,sent,day1,day1
189,inv_1190,6da1add0-baa0-4040-9e5b-2708d8883175,sent,day1,day1
190,inv_1191,9164983f-50db-402a-a9f9-0b99fac5f070,sent,day1,day1
191,inv_1192,f7050481-8415-4927-ba03-09f4e0418753,sent,day1,day1
192,inv_1193,bdd74201-5e91-4804-a87e-c057fdcdf01e,draft,day1,day1
193,inv_1194,11fe7b75-cc9f-440d-aec8-c539d5536982,sent,day1,day1
194,inv_1195,59c5ae51-1eda-4141-aac2-c01284bb9bbf,sent,day1,day1
195,inv_1196,f5702fa5-38a9-4935-9e3f-585ea1f3e2d4,sent,day1,day1
196,inv_1197,e2cc8aa6-1671-4d78-8f9f-b8e516d899c9,sent,day1,day1
197,inv_1198,bd66c361-bbfc-428e-a754-86fd0644283d,sent,day1,day1
198,inv_1199,7db07f8f-4ed4-4b82-83cc-771583113bef,sent,day1,day1
199,inv_1200,85e97b46-7f1f-48ac-a21a-e8e752ea2f3b,sent,day1,day1
200,inv_1201,71d0dbbf-f574-4948-983b-b3edf497544e,sent,day1,day1
201,inv_1202,c3280287-165a-4f65-94ce-517a0e0a2217,sent,day1,day1
202,inv_1203,6c83eba9-6d83-4e07-a09b-11b25e969974,sent,day1,day1
203,inv_1204,fda34ee7-3c1d-4cc7-a906-76e89d2b40ee,sent,day1,day1
204,inv_1205,4b6a4388-6ee3-4244-8ed6-6f7bf3d7ba83,sent,day1,day1
205,inv_1206,3c87465b-d506-4948-8887-016cf3166ee0,sent,day1,day1
206,inv_1207,8f4a15d8-9e1d-4df5-995a-5c7a78c8971d,sent,day1,day1
207,inv_1208,942e86b8-51d5-4a03-b71d-3ade40dab2af,sent,day1,day1
208,inv_1209,932c11d0-f189-4222-8229-67f54065ed6d,sent,day1,day1
209,inv_1210,93fb6662-425e-4f1f-af52-c80fb3249eb5,sent,day1,day1
210,inv_1211,73078e9e-c682-4266-aaa9-3c5fb4e31589,sent,day1,day1
211,inv_1212,de0e86b3-c471-4b30-9f90-58f911588ff6,sent,day1,day1
212,inv_1213,e1023272-425e-45d9-b3ac-61336330cb6b,sent,day1,day1
213,inv_1214,c9a103f0-38d3-44af-89bc-75c8ea04c46c,sent,day1,day1
214,inv_1215,5b6ed810-e893-40dd-822b-c2336dc15a86,sent,day1,day1
215,inv_1216,b8de8fb7-075b-434e-984b-21821054eab9,sent,day1,day1
216,inv_1217,29b6d2ac-63a4-4700-b0df-21acbc9d4cdc,sent,day1,day1
217,inv_1218,5a5e17d4-cabe-4157-8557-8cdee29e4935,draft,day1,day1
218,inv_1219,026a6dff-2a64-4906-afdf-2f0ddcebcffa,sent,day1,day1
219,inv_1220,d5f1d40f-ad7f-4f53-b0bf-1460c1b8719c,draft,day1,day1
220,inv_1221,4e9cc919-e2ef-49f6-b0a2-445e64a7a684,sent,day1,day1
221,inv_1222,b8230712-c690-4fb5-b112-6674234041fd,sent,day1,day1
222,inv_1223,cae92217-fed5-4944-bfb3-6d1937ee03b9,sent,day1,day1
223,inv_1224,5138c417-0e5f-46f5-9f74-071f9c638b58,sent,day1,day1
224,inv_1225,e907eb46-8f3c-4110-8fe3-be4b277bcdda,sent,day1,day1
225,inv_1226,e1aa6532-92bc-4b2f-81b0-4c8de4442ee4,sent,day1,day1
226,inv_1227,caff645a-4840-4c24-afdb-5d23795f6b97,sent,day1,day1
227,inv_1228,aaa8be1b-5148-4c66-ab2e-257591c28f96,sent,day1,day1
228,inv_1229,90f94d5b-be2f-4fb3-8f28-deb3c8568eca,sent,day1,day1
229,inv_1230,752ab587-507d-4935-be3d-8892dc238de4,sent,day1,day1
230,inv_1231,1cd3fe8b-ec8a-4c84-86dd-b45fe0dd1751,draft,day1,day1
231,inv_1232,1559550c-38cc-44a0-91ae-0b8d0e498d3e,sent,day1,day1
232,inv_1233,ca995233-6b4d-41e8-9f7f-525fe24ea465,sent,day1,day1
233,inv_1234,a9146e63-217b-41d7-a54c-071a089b6058,sent,day1,day1
234,inv_1235,de062fc0-7558-4944-927a-d6b28ad86b2c,sent,day1,day1
235,inv_1236,a2eb7f88-d32d-477c-8bdc-69845a731e5e,sent,day1,day1
236,inv_1237,586482f2-a7d7-4cb9-87ea-8b2e3ae2c103,sent,day1,day1
237,inv_1238,8c049b6a-89f3-4c25-a618-e284176616f2,sent,day1,day1
238,inv_1239,86e28dd8-b151-4e8c-86ac-ab527f010b81,sent,day1,day1
239,inv_1240,a6c6fc13-fb7b-464c-94d6-9c2dab88a01e,sent,day1,day1
240,inv_1241,93e4b527-4566-4aa9-9748-316b23eac9a1,draft,day1,day1
241,inv_1242,5668640b-1b4c-4166-82f3-272fc93bd658,sent,day1,day1
242,inv_1243,ac0dd3a8-8e46-4e01-8eb4-48024eaf833b,sent,day1,day1
243,inv_1244,882a6af4-74e2-42e3-a91c-07fc7ea90587,sent,day1,day1
244,inv_1245,417d6350-af72-4323-8a27-5f4bfbacac70,sent,day1,day1
245,inv_1246,b540fb70-d227-480f-9339-63a4ba4feccf,sent,day1,day1
246,inv_1247,64577d46-86dd-4712-9f6c-249e62e7601c,sent,day1,day1
247,inv_1248,e99a921e-ca49-40a0-8bd7-bd98196f7423,sent,day1,day1
248,inv_1249,623babaf-f0cd-4f41-94b4-f76fe7fef8a2,sent,day1,day1
249,inv_1250,31794d8f-206f-43bb-aa60-b180967b29be,sent,day1,day1
250,inv_1251,9d38dc88-e8fe-473b-a22a-60aecd29b370,sent,day1,day1
251,inv_1252,a3c01a0a-5459-4847-8636-1bfc1b28921a,sent,day1,day1
252,inv_1253,ec773956-ab44-42be-99af-a437cc009452,sent,day1,day1
253,inv_1254,01e004b7-4b52-4802-ba12-79150d12327f,sent,day1,day1
254,inv_1255,7a22076a-af89-4042-83e9-6d164e8302b2,sent,day1,day1
255,inv_1256,28e35c81-5f4d-4e59-bea6-a1f936019c8d,sent,day1,day1
256,inv_1257,8733ee7a-7e28-442b-9004-8bebfea6364f,sent,day1,day1
257,inv_1258,27e1417e-6436-452c-8012-7205bf1748e6,sent,day1,day1
258,inv_1259,d97d4119-2e18-406f-81f4-8d34dd74e731,sent,day1,day1
259,inv_1260,5e9acb33-dc45-4573-a0fd-455d5a3c6476,sent,day1,day1
260,inv_1261,715cd50d-f5a3-4f8d-a482-3bcd0c2eb24f,sent,day1,day1
261,inv_1262,96ad2e68-697e-4725-9bfe-26939d7d951f,sent,day1,day1
262,inv_1263,5f9574d9-9a05-4ef0-9166-a85bff5cd09f,sent,day1,day1
263,inv_1264,aa30abdc-177e-4305-8756-5641a791f71f,sent,day1,day1
264,inv_1265,52628c2d-df06-4ece-957a-f04192b91dec,sent,day1,day1
265,inv_1266,a666a85e-f187-4915-9b6a-2c014cf85303,sent,day1,day1
266,inv_1267,fae8d27f-b1de-47b5-9692-96ad2a70d41c,sent,day1,day1
267,inv_1268,1ded1efc-c6d5-4020-9268-5c611af9f14c,sent,day1,day1
268,inv_1269,e98d70c6-6596-4039-a769-9ee58e31a1be,sent,day1,day1
269,inv_1270,8a1a3c11-45f4-4d34-8029-9115884d092f,sent,day1,day1
270,inv_1271,0cb4fd1b-c248-46f7-8894-7c18c74a4619,sent,day1,day1
271,inv_1272,a8948a8d-9da4-440a-aa7d-4225868cd6cf,sent,day1,day1
272,inv_1273,62c65539-2c82-4048-ae43-7056190b0d36,sent,day1,day1
273,inv_1274,c85d77f8-d0e8-4674-a113-2241864eb27c,draft,day1,day1
274,inv_1275,3c8242cf-c982-4250-bbba-5cfe4a9c87a7,draft,day1,day1
275,inv_1276,ea3b6d82-e4ec-4f02-b7e8-249e51517ff5,draft,day1,day1
276,inv_1277,02d5f656-2034-4ccb-9613-3ac7b2cd5585,sent,day1,day1
277,inv_1278,5c1023ae-ac87-446f-8320-038acca586f0,sent,day1,day1
278,inv_1279,b4f913c6-699e-4d1a-9f98-6d05e4867f39,sent,day1,day1
279,inv_1280,ef616414-78b2-42af-8f62-e18175d78a7c,sent,day1,day1
280,inv_1281,526dc798-96d7-49fb-bc8d-2957f867495c,sent,day1,day1
281,inv_1282,8c166873-5d67-48ad-8e57-995272cd6355,sent,day1,day1
282,inv_1283,a0c4125f-baaf-4ccb-a578-6d32cb234690,sent,day1,day1
283,inv_1284,0a7843db-7e56-4c71-96a3-e2c34f2b6a20,sent,day1,day1
284,inv_1285,f4568768-3cae-499a-b59d-b97b8b6c9198,draft,day1,day1
285,inv_1286,c11dc931-29b4-4985-be74-bba5c2f0b067,sent,day1,day1
286,inv_1287,24cd2224-ad95-46a9-b42d-492680e8cf5b,sent,day1,day1
287,inv_1288,2f1535b7-1df4-4ded-9749-51b5526bf5fd,sent,day1,day1
288,inv_1289,88961300-6b99-4b97-aa85-462e2764a617,sent,day1,day1
289,inv_1290,68a2919c-4033-4217-9a81-016aa89bace8,sent,day1,day1
290,inv_1291,c4afb7c2-714e-4876-90df-da84cdfc38b5,sent,day1,day1
291,inv_1292,47fd99d5-6b0e-4a23-b956-d5e6526686ce,sent,day1,day1
292,inv_1293,7aa36cfe-0c99-4ee7-99e4-34ad62a24c01,sent,day1,day1
293,inv_1294,2dca9fed-d1a4-4f7a-87d7-8527a0dcab4a,sent,day1,day1
294,inv_1295,b4dc5dac-62eb-4ec5-8f9c-96db52c99a36,sent,day1,day1
295,inv_1296,5bb0aeb6-fcc4-45ba-8e63-331046b94a25,sent,day1,day1
296,inv_1297,94e6fcc8-626c-43fb-b3d9-f1dd96795102,sent,day1,day1
297,inv_1298,b3a9b6c9-e5b2-4a68-ba54-2eb92a278ef4,sent,day1,day1
298,inv_1299,2cb8fbf8-a913-4a95-ae1e-31d2a31aefd4,sent,day1,day1
299,inv_1300,b192c498-d543-43f7-bd61-4ef8b5ad77b2,draft,day1,day1
300,inv_1301,a1bdc7b9-d75a-4d83-abbe-f2286cd28266,sent,day1,day1
301,inv_1302,b1efc444-f430-4c8e-81ea-030990445fe1,sent,day1,day1
302,inv_1303,4f9366a4-9b0e-436b-81f6-4e71e660cdfe,sent,day1,day1
303,inv_1304,67ba4d5d-ac75-4f52-9480-234480d6ff9b,sent,day1,day1
304,inv_1305,bab0c1e7-ab9b-4a6f-903b-4a72ff37abe2,sent,day1,day1
305,inv_1306,8facc2b4-aa6e-48e8-a332-4afa88f6e040,draft,day1,day1
306,inv_1307,1bb992ff-eadd-40c2-8709-a44eeda50dbc,sent,day1,day1
307,inv_1308,262a92e6-9c35-4faf-b1bf-f7d382eacce3,sent,day1,day1
308,inv_1309,7a7941fa-5d89-4fa6-a58b-9159491052d0,sent,day1,day1
309,inv_1310,2d867f61-4939-45c5-83f0-967e6a18e1d5,sent,day1,day1
310,inv_1311,36cb0732-0e53-4d43-968f-a1acd768c1a8,sent,day1,day1
311,inv_1312,87146102-a160-4644-8f4e-3d71d747ee45,sent,day1,day1
312,inv_1313,8f33d2d1-bc9d-441f-851e-4934ed379f53,sent,day1,day1
313,inv_1314,5d138ac6-5d7a-476e-a748-13a765da8394,sent,day1,day1
314,inv_1315,c21f2a53-3a25-4fe7-a1fa-169b845a7725,sent,day1,day1
315,inv_1316,59e00912-a51a-4b1d-b682-318302076902,draft,day1,day1
316,inv_1317,f08c55c2-3e1d-46f8-9330-6102018e08b7,sent,day1,day1
317,inv_1318,d87c0000-68a1-4f08-84b2-5de48bb22de5,sent,day1,day1
318,inv_1319,1a546037-2654-4fc4-a286-2786a5f96ff1,sent,day1,day1
319,inv_1320,51b950c2-c42f-435d-9d94-e6f003186018,sent,day1,day1
320,inv_1321,63ac964b-e654-4c4a-82c3-d73968da9b68,sent,day1,day1
321,inv_1322,a14e9739-d1c3-4410-b456-1af794d45bab,sent,day1,day1
322,inv_1323,1264ebc1-254a-48c5-812d-c3ae6156613d,draft,day1,day1
323,inv_1324,2f3d2d7e-b211-46ec-ade5-3c3722cb4952,draft,day1,day1
324,inv_1325,5958531f-f673-4220-b05d-3a35e112751a,sent,day1,day1
325,inv_1326,da91dc03-81ff-416c-917e-85748f59578d,sent,day1,day1
326,inv_1327,b32369ed-4659-4dba-9cf8-b97ac2133565,sent,day1,day1
327,inv_1328,3d451404-1538-4cec-991a-5afa9f7ab608,sent,day1,day1
328,inv_1329,0a8acf0d-9be3-4853-adc5-ff5d2f201dc9,sent,day1,day1
329,inv_1330,d7533709-488c-4e69-b329-1306cd807207,sent,day1,day1
330,inv_1331,82145bb3-f3c4-4f17-9f44-858f2b0d19a4,sent,day1,day1
331,inv_1332,3c300d6d-69ab-45c9-a11f-239357d15fb5,sent,day1,day1
332,inv_1333,be74c927-098d-4b17-bae0-c035700c6e35,sent,day1,day1
333,inv_1334,53bb9a56-f57b-4a8b-aa87-8e7cd4896b28,sent,day1,day1
334,inv_1335,1ff1c884-b474-488b-a334-d746ff4df662,sent,day1,day1
335,inv_1336,9e8ea946-257a-49dc-bdad-9528d1692dc7,sent,day1,day1
336,inv_1337,51f37dae-2860-4cc9-ac1d-526f060fe0f6,sent,day1,day1
337,inv_1338,612c0513-5c8d-495f-bc38-4a4d7436b5bb,sent,day1,day1
338,inv_1339,e122e300-9f08-494e-9380-5620f4afad30,sent,day1,day1
339,inv_1340,be9311b2-b80a-4df0-81ce-4e9c82e46c96,sent,day1,day1
340,inv_1341,8f592e2f-c01c-4b2c-a6d9-3e201e9f0655,draft,day1,day1
341,inv_1342,2ac67fc1-6c1a-4a51-9c2b-3c8ab69e01e0,sent,day1,day1
342,inv_1343,f8878d00-a363-4856-a955-caa028dae3b2,sent,day1,day1
343,inv_1344,d257a4be-f0a7-4ada-828c-672429eef502,sent,day1,day1
344,inv_1345,b02e0cfc-76d8-4ce0-9fbc-a7ff136a4bc4,sent,day1,day1
345,inv_1346,d19a8f8a-1d1a-4be1-83b0-ce941e1544ae,sent,day1,day1
346,inv_1347,96782bbe-167b-4129-8456-4e18253b9920,sent,day1,day1
347,inv_1348,54cbef2d-9de8-427e-a263-d5f00a417d7e,sent,day1,day1
348,inv_1349,181543ad-ee56-4cd6-94f2-ac50c82f0b2e,sent,day1,day1
349,inv_1350,fd329cdf-0fca-489b-a9bf-44fd970c56f4,sent,day1,day1
350,inv_1351,7727ece5-d881-4126-a284-59c02360076e,sent,day1,day1
351,inv_1352,44830e28-d100-492b-99de-5e4f6fad7d1e,sent,day1,day1
352,inv_1353,18173cf9-6942-4d4d-88c1-56ecba982cfe,sent,day1,day1
353,inv_1354,0b959785-c291-406d-a688-0b2c25690fe7,sent,day1,day1
354,inv_1355,d5fe2c42-0f08-45a9-bc7d-bd2991b860de,sent,day1,day1
355,inv_1356,27e01093-adb3-40d5-90df-fb4c868f1a91,sent,day1,day1
356,inv_1357,4d595118-4710-48a9-852f-50519f289d82,sent,day1,day1
357,inv_1358,ec1e115e-2427-429c-8ba1-bb073b5cdd4e,sent,day1,day1
358,inv_1359,cec731e5-2e78-4d32-a7e1-59d7fe9cd28f,draft,day1,day1
359,inv_1360,626fa6dd-2e01-4572-962e-d9bd06ea9647,sent,day1,day1
360,inv_1361,26858eeb-e15d-4d86-a218-3f917b0b7c51,sent,day1,day1
361,inv_1362,54d23378-afcb-4585-9824-d6e7b63156ef,sent,day1,day1
362,inv_1363,e0362925-5ef5-4fd5-8ee4-69a8103025e9,sent,day1,day1
363,inv_1364,d89e5044-13ab-4dc7-b76f-54ad78ccdf93,sent,day1,day1
364,inv_1365,33dddf82-4f44-45d0-a098-a72d694431a9,sent,day1,day1
365,inv_1366,4291bb49-86ad-439e-bae4-b3801a691141,sent,day1,day1
366,inv_1367,104c0869-9ebf-4715-b4cf-9661eed0288e,sent,day1,day1
367,inv_1368,22df52ea-8058-4538-8c01-c9fed8546617,sent,day1,day1
368,inv_1369,119ea117-3bbb-42d9-9bd9-798e0081d72a,sent,day1,day1
369,inv_1370,e078c5e5-f8d7-4cda-aa1f-d1672c8e0ed2,sent,day1,day1
370,inv_1371,b9c26d20-a07f-4108-a91d-808b78877f1b,sent,day1,day1
371,inv_1372,e85c56e8-8253-4219-949a-088e1f4ae9b1,sent,day1,day1
372,inv_1373,57bb8782-72be-4ee6-9f40-f2efd0350817,sent,day1,day1
373,inv_1374,73dfd007-51e3-4796-91bf-12f0852a7f5b,sent,day1,day1
374,inv_1375,b4b69e16-e2e8-4b0e-9f61-c4dc749e9b00,sent,day1,day1
375,inv_1376,f0edfeda-d4ab-46fc-8a32-fd044b6a6055,sent,day1,day1
376,inv_1377,0a12ddad-eba6-4ad0-9b4c-ce16e282d0b2,sent,day1,day1
377,inv_1378,d2201fc2-9778-46de-9779-e0b20eba0fed,sent,day1,day1
378,inv_1379,c9fed59b-0d73-4e0c-923f-d7ae514cad8a,sent,day1,day1
379,inv_1380,2eb82da9-035b-4a2a-9d15-540109b52d07,sent,day1,day1
380,inv_1381,39963867-f461-4adf-94df-e376e5f99d0a,sent,day1,day1
381,inv_1382,7ceb7d86-ea51-472c-ac9e-609e283c0ff6,sent,day1,day1
382,inv_1383,ccb39475-442f-4afb-a665-161b451a454c,sent,day1,day1
383,inv_1384,4e5ab032-4f79-4406-a350-2256c83ac086,sent,day1,day1
384,inv_1385,245b0e8d-a8d4-464d-9baf-9dc05ea6dd5e,sent,day1,day1
385,inv_1386,3275b8b7-4281-4a6f-b0c7-3b8c6ccd87e5,sent,day1,day1
386,inv_1387,feeab21a-7bec-4636-9778-99e868d49756,sent,day1,day1
387,inv_1388,467ec8a5-e696-411b-bdc0-4c8788ac2c19,sent,day1,day1
388,inv_1389,36d84f1c-2ebf-4ccb-bf05-b9217af245be,sent,day1,day1
389,inv_1390,743bc18a-876e-4411-8531-46610e12c17c,draft,day1,day1
390,inv_1391,7df75da7-d92c-4f51-91e0-3f96343d010c,sent,day1,day1
391,inv_1392,80279105-00a4-4e81-ba5d-d799d6a326f0,sent,day1,day1
392,inv_1393,ffd5aa8b-d615-46f2-9605-064eb55bbb6d,sent,day1,day1
393,inv_1394,16281ff1-1653-4220-a460-12ea8229d3f4,sent,day1,day1
394,inv_1395,2b212c5c-f481-4522-b6ea-5e9f2746fdf7,sent,day1,day1
395,inv_1396,66f4ac54-865b-4ea4-b6c8-26005420e4c7,sent,day1,day1
396,inv_1397,6bd620bf-93a6-47dc-8131-718799f7438f,draft,day1,day1
397,inv_1398,de4d5734-3b24-4333-829c-41b12f7f83a0,sent,day1,day1
398,inv_1399,9ff65923-14c9-4ce5-a652-635f94005d5b,sent,day1,day1
399,inv_1400,ec4faaef-e526-4dcc-9a96-f8008e4ccac4,sent,day1,day1
400,inv_1401,a9a86795-deb2-492a-9280-ba11cc669e7c,sent,day1,day1
401,inv_1402,1dd12509-98b2-4159-9389-54880e68a989,sent,day1,day1
402,inv_1403,8a5a1c73-9c41-4d4a-b9ca-92d1df00c735,sent,day1,day1
403,inv_1404,c39d1d62-85e0-4724-9411-9ec05aa99e4a,sent,day1,day1
404,inv_1405,631897e2-1dc1-4dd1-bda2-6f8fb2014df3,draft,day1,day1
405,inv_1406,f18f8ed1-8268-46b8-9199-f5f40550d5fe,sent,day1,day1
406,inv_1407,82803b55-8022-49ae-9563-af1573e0792e,sent,day1,day1
407,inv_1408,d7c9f95f-215d-4e8c-a3d0-4819835d9ad5,sent,day1,day1
408,inv_1409,9d6c6842-5aa1-4ea2-80c0-06c7cb81923a,sent,day1,day1
409,inv_1410,339f68a6-cde2-4c3e-9ae8-668c8c69a888,sent,day1,day1
410,inv_1411,64f2a6d6-2fd0-4c30-9fc2-968d5d47913d,draft,day1,day1
411,inv_1412,a5129918-78e0-4ffb-83ff-8f44b96f9432,sent,day1,day1
412,inv_1413,9ec673ff-5f74-4138-a853-2e267efd862b,sent,day1,day1
413,inv_1414,2753fefe-6a84-45fc-ad15-5d075e612625,sent,day1,day1
414,inv_1415,d89ef824-9df8-442a-89a0-7ed8f6c6e04d,sent,day1,day1
415,inv_1416,b1d0da0e-7130-42b3-9c92-3c0826221ee7,sent,day1,day1
416,inv_1417,3108f637-207f-408e-aedb-308e7ee7f820,draft,day1,day1
417,inv_1418,9ebff4da-29af-4eb0-8c74-a5715f42dc04,draft,day1,day1
418,inv_1419,0115bf71-5e7c-4e07-902a-c336de17fb4c,sent,day1,day1
419,inv_1420,4abd35f1-b97c-409f-b812-404b3ca7041f,sent,day1,day1
420,inv_1421,94aa3ffd-6eae-4c58-a95d-2713ac42253e,sent,day1,day1
421,inv_1422,596478f1-d8fc-481d-998b-9a0b5552a450,sent,day1,day1
422,inv_1423,e329ec69-8e21-4517-a861-5a8cfd4d5e11,draft,day1,day1
423,inv_1424,979ea5eb-980a-47b8-bceb-e61e77d92632,sent,day1,day1
424,inv_1425,e84c49c0-ee28-4e66-bc7c-67f953de6861,sent,day1,day1
425,inv_1426,f264d6e4-0aa7-4c35-b5f2-08beaf010b5c,sent,day1,day1
426,inv_1427,d38679fd-3a58-4692-a6dc-6782f92a07b0,sent,day1,day1
427,inv_1428,479f9db1-4d62-44c6-ba32-147c6be758ac,sent,day1,day1
428,inv_1429,b4a84656-40c9-45e6-8a18-d5a7cfc362d3,sent,day1,day1
429,inv_1430,a9aae1c2-74a1-47b5-b01e-c15309137fb0,sent,day1,day1
430,inv_1431,3060e55e-c516-4dfa-89e9-16256e3e465a,sent,day1,day1
431,inv_1432,e96db9e9-a399-472c-9358-40c074cb26c5,sent,day1,day1
432,inv_1433,48578129-5e65-4e3d-bcde-8f64e538d745,sent,day1,day1
433,inv_1434,1bc39c9c-2395-4e7c-9d1b-8af53eb2d032,sent,day1,day1
434,inv_1435,d207a92a-5dd5-4d4c-b253-073f1478756f,sent,day1,day1
435,inv_1436,86d1472d-e0a0-403d-b8d8-e300d87064ba,sent,day1,day1
436,inv_1437,5a86e291-9d0c-42eb-bbe8-5598e521f5d3,sent,day1,day1
437,inv_1438,e7898d1c-4194-4515-87c2-e6e332b517d6,draft,day1,day1
438,inv_1439,1a8de4a0-0a1f-4af8-9f63-91dbbbb940c3,sent,day1,day1
439,inv_1440,a2d38415-65d9-439b-9ae5-5e9852307ef0,draft,day1,day1
440,inv_1441,9a823b1f-9a35-4620-964b-6b78fbec7563,draft,day1,day1
441,inv_1442,773f1fa8-56a3-4c01-8b7f-6882fbf8ecfa,sent,day1,day1
442,inv_1443,571605ca-b7b2-4551-9fb9-215edc3d4e10,sent,day1,day1
443,inv_1444,a84df19f-8b00-4910-b024-804c92ab7ad8,sent,day1,day1
444,inv_1445,ce250811-4d68-497d-b8cd-111f7cee93f6,sent,day1,day1
445,inv_1446,58d0a396-08a2-4e04-a8f2-7a33a025afd5,sent,day1,day1
446,inv_1447,52b8d43a-8e14-4109-81e8-2055ab8d3c20,sent,day1,day1
447,inv_1448,1216d014-0330-4d05-98ea-4540d5144087,sent,day1,day1
448,inv_1449,f2d96269-23f0-4f6a-9dd8-322f7ce5c196,sent,day1,day1
449,inv_1450,792f75d9-f16d-42d0-9166-1cf7cfa077e8,sent,day1,day1
450,inv_1451,49391a1a-e8f7-41d5-bffe-2f3ae16ad16e,sent,day1,day1
451,inv_1452,5bd4beae-7c29-4407-aca9-a3a8890e296e,sent,day1,day1
452,inv_1453,cc1f87b0-e565-4384-9fd8-350f3870180f,sent,day1,day1
453,inv_1454,9104c574-e6fe-4c8e-803f-b8fb014983e4,sent,day1,day1
454,inv_1455,6e8e4bd2-41ae-4001-b1f4-b671a6218c1e,sent,day1,day1
455,inv_1456,f72676ff-75ae-4c34-a1fb-b162eccd408c,sent,day1,day1
456,inv_1457,8332d400-d80a-40e8-9353-b49274c0886a,sent,day1,day1
457,inv_1458,0e3d0f0f-a1b0-49d5-a65e-8daa9d1e0f7a,sent,day1,day1
458,inv_1459,cf98fd66-5ebf-4f72-b662-e6646a107ade,sent,day1,day1
459,inv_1460,695af949-3439-4e25-ad22-1e8b1f451366,sent,day1,day1
460,inv_1461,044afa87-6ea4-4dbd-855c-096edf7d2b42,sent,day1,day1
461,inv_1462,d95327df-9988-4a8d-96d0-422db415c1ea,sent,day1,day1
462,inv_1463,790afe7a-059e-4889-944d-2c9cfd947d3e,sent,day1,day1
463,inv_1464,b470065e-9741-4fd3-8ee2-70dcdb38a55c,sent,day1,day1
464,inv_1465,d106f4b3-3a3e-45e7-ad91-aa20a47b92c0,draft,day1,day1
465,inv_1466,bb9a21bb-f824-43cc-b0c7-0236ac21d775,sent,day1,day1
466,inv_1467,743b7242-5e61-4c44-8497-c3959a16d847,sent,day1,day1
467,inv_1468,5317dddd-22b3-41ba-bafa-96c02395b32d,sent,day1,day1
468,inv_1469,385838b5-c735-448d-86e2-7725b27e4087,sent,day1,day1
469,inv_1470,b187aad6-7919-48c7-b2cb-1614974804be,sent,day1,day1
470,inv_1471,a0861b3c-5ebf-4847-ae6f-ed2e8ceef128,draft,day1,day1
471,inv_1472,1f4a850d-8c64-4945-bac0-c575643a6856,sent,day1,day1
472,inv_1473,5f03c472-cb37-4806-b1ca-9c09a786aeb8,sent,day1,day1
473,inv_1474,ab391a8c-4586-4651-8268-f2f935d569d9,sent,day1,day1
474,inv_1475,5e7da452-7c03-466f-9755-0a5edf54fff7,sent,day1,day1
475,inv_1476,28687459-3949-4062-8df2-28e4872372c2,draft,day1,day1
476,inv_1477,92efb2a2-23ae-4864-9c55-29532ea980e2,sent,day1,day1
477,inv_1478,f3abe739-7a02-4bb4-b6e4-635dca7bc151,sent,day1,day1
478,inv_1479,3af06c6c-b3bb-4534-9137-47675e3da7d2,sent,day1,day1
479,inv_1480,8e3ec227-a1ca-4eb3-9420-3502ec449657,sent,day1,day1
480,inv_1481,2182a3d1-d43e-4964-a84c-0941a08ca346,sent,day1,day1
481,inv_1482,4aab4905-9d25-498e-bdf7-5f293c49484e,sent,day1,day1
482,inv_1483,e49efecf-d3a2-41ce-9a93-9ce9423ea428,sent,day1,day1
483,inv_1484,558ecb1a-019d-49dc-a27c-dee8889f8f40,sent,day1,day1
484,inv_1485,5d077a2b-af58-44de-8f89-e026d02a32a7,sent,day1,day1
485,inv_1486,568d8bc5-cd17-4122-b2a1-5fe3cb279daa,sent,day1,day1
486,inv_1487,8b348ba8-8939-4967-a389-54566d32b4c7,sent,day1,day1
487,inv_1488,86f219f5-6acf-4ade-8af5-c1027efaf869,sent,day1,day1
488,inv_1489,77ed443f-3eca-4a8c-b87e-26ccb10f63b9,sent,day1,day1
489,inv_1490,0e7d01e3-2477-436b-ba7e-0e7cd890975b,sent,day1,day1
490,inv_1491,1d9d8530-5f2b-42d3-a74d-f0c5708991f7,sent,day1,day1
491,inv_1492,461fe687-d2ae-4e30-959a-2b1bccc006f3,sent,day1,day1
492,inv_1493,1487f056-2ce5-4866-bad3-f3c35559b49e,sent,day1,day1
493,inv_1494,fa3dedac-377e-4bb1-b16d-187d75bc95bd,sent,day1,day1
494,inv_1495,f9bdfa6c-9f29-4468-995c-c89fc740cc61,sent,day1,day1
495,inv_1496,494bf42b-a57a-471f-be6e-fbed22e0125b,sent,day1,day1
496,inv_1497,d3a701d8-819a-4aa9-85c6-c1f5e47d3224,sent,day1,day1
497,inv_1498,f04923a6-fb1a-49a7-a4e8-252cc28b0dc2,draft,day1,day1
498,inv_1499,f40d3107-f96a-4050-8ea9-c6c0853f078f,sent,day1,day1
499,inv_1500,1f1ed227-6be8-498a-9ef0-16deb86ddb2a,sent,day1,day1
500,inv_1,61f0507e-37d3-4433-8368-e3ffc9f47a4a,sent,day1,day0
501,inv_8,f95f0f0e-4b58-441e-b7a4-5145229b8b93,sent,day1,day0
502,inv_9,5f048207-7268-46a6-a88d-9c202e42e48e,sent,day1,day0
503,inv_539,5f5acbbd-4ba0-4c57-9ee5-0a37c051a566,sent,day1,day0
504,inv_545,50c549e2-1d74-48f0-8d02-c1bb1d99f776,sent,day1,day0
505,inv_551,575c3ea9-fb25-4e97-9a64-fa3d9bec9400,sent,day1,day0
506,inv_559,ae25899d-84a9-452b-9633-42fbe7f1eabd,sent,day1,day0
507,inv_49,5400f289-4937-4d5d-8c1e-4926bfa730f2,sent,day1,day0
508,inv_566,16255fe8-1b62-4f15-9533-3f966251ddba,sent,day1,day0
509,inv_569,ae96da31-13a9-43aa-8c7a-4e4f8aed3e9f,sent,day1,day0
510,inv_60,b5d0b91d-6219-46f0-9036-d61ae1579049,sent,day1,day0
511,inv_573,f9e22117-e714-41a4-aecc-d9746e353aaf,sent,day1,day0
512,inv_66,24567ae9-8ae5-453d-9f9b-c6c0fbb2987e,sent,day1,day0
513,inv_581,76e88e1d-b103-4b05-96e9-a6d488ab002c,sent,day1,day0
514,inv_73,361e75ad-41e8-4715-b55d-ed114c20080e,draft,day1,day0
515,inv_588,6b0ff8db-dd18-4822-926f-8619997060df,sent,day1,day0
516,inv_88,a1d7e149-b5df-4d70-b1c2-14edf30d20fd,sent,day1,day0
517,inv_604,69d4004d-45c3-4ebb-8689-61b31d02f89d,draft,day1,day0
518,inv_99,dbf4da72-10b4-45ef-a278-ec915776b2a1,sent,day1,day0
519,inv_103,6f92d2f8-c5ae-409d-844c-e144698c4057,sent,day1,day0
520,inv_615,19df01a6-43f8-4a14-8f20-ddbe0640ca8c,draft,day1,day0
521,inv_617,5e2153a6-cb85-4721-bc5c-dc62efd6a177,sent,day1,day0
522,inv_106,9a0336a9-7a7b-4391-9fe8-6ec9eecdad8d,sent,day1,day0
523,inv_126,ba5efb08-80f1-47ab-9c60-76e9556ee389,sent,day1,day0
524,inv_645,35a17caf-640a-4e29-86f2-f52791d5939e,sent,day1,day0
525,inv_655,191c10e4-8e3e-4c16-a4a8-d309e9ca39c3,sent,day1,day0
526,inv_658,62b932a1-a1ce-4f38-9695-3ebc0255d0d5,sent,day1,day0
527,inv_171,94940963-3995-4bd8-a6ef-103d41e6d6b6,sent,day1,day0
528,inv_683,96da4414-97e8-47df-87fd-1c13c89e1688,sent,day1,day0
529,inv_692,5704e539-ce19-46e3-9a03-e674b69a9f26,sent,day1,day0
530,inv_703,90a35f54-5a2c-4089-b59b-101d1cb91836,sent,day1,day0
531,inv_198,bf5de73e-4a7b-450d-a5f7-af45d22c1b49,sent,day1,day0
532,inv_713,157e8c39-e073-4115-a6f8-0de85f251b5c,sent,day1,day0
533,inv_203,7a17e9ae-4ab1-4149-9201-62bda06c69be,sent,day1,day0
534,inv_719,8821ec05-053a-4b79-9fe1-80f309f8973e,draft,day1,day0
535,inv_211,411218db-3129-4046-9cb0-9b4238a16dd7,sent,day1,day0
536,inv_214,78036ec4-1823-44a9-9a87-79ecd9cbc84b,sent,day1,day0
537,inv_215,2d7dc882-7d7b-4349-925d-bee2800ea73b,sent,day1,day0
538,inv_740,4f378f91-843e-4a23-a754-920f503723de,sent,day1,day0
539,inv_234,55aed4bf-109c-4a58-a1a0-e01d5db1a714,sent,day1,day0
540,inv_747,3f0e6782-2377-4e3a-9383-84507c394b00,sent,day1,day0
541,inv_750,6233d780-49a9-4674-bcfe-8429a660e4fc,sent,day1,day0
542,inv_753,0f6cefb6-e433-4267-9188-c469e78c64e9,sent,day1,day0
543,inv_245,f5e86106-ca71-4f04-bafb-6233ff11645b,sent,day1,day0
544,inv_758,c34d24d7-8efb-40e3-ac40-7b3a67812d28,sent,day1,day0
545,inv_251,f3f00928-579d-4eb2-b212-a120beaad2e2,sent,day1,day0
546,inv_764,c3cd45d9-e326-4762-875d-dda8f978833f,draft,day1,day0
547,inv_777,38d320eb-7527-40d3-a4df-c4da03285817,sent,day1,day0
548,inv_782,e0ecbda3-6568-401c-932b-337b76a73646,sent,day1,day0
549,inv_792,9962b908-5f10-4952-81e1-5b2bd11ed427,sent,day1,day0
550,inv_814,44d8e73f-f800-44f4-ac16-a24740e988bf,sent,day1,day0
551,inv_815,385f25e3-c625-483a-81fb-1ae071a67cc0,sent,day1,day0
552,inv_310,d9dc51e0-afca-426a-bbb5-cc14c9f2c3b5,sent,day1,day0
553,inv_314,73bb07f5-4581-4434-bfd6-69609ab38ddf,sent,day1,day0
554,inv_317,5d02371b-507a-425f-bd78-5d2ec6996021,sent,day1,day0
555,inv_833,1d7a4aaa-2d2e-482c-9e34-eaba926e48b5,sent,day1,day0
556,inv_845,49d008f9-318e-48ff-9ef0-e41fd1f73fcf,sent,day1,day0
557,inv_340,83e70ceb-3063-412c-9111-832b268c9ee6,sent,day1,day0
558,inv_350,db0a2570-1b54-4352-a037-08175af27ea3,sent,day1,day0
559,inv_356,d8a6fcda-679c-45a1-a07b-c9e8ba864e2c,sent,day1,day0
560,inv_357,e92bfb5a-d124-4e50-ad7f-935ae643a405,sent,day1,day0
561,inv_880,6b6ba3db-072f-4a86-80aa-6a3886d1a46c,sent,day1,day0
562,inv_890,f26e38bb-1265-45c7-9274-19eef653e26d,sent,day1,day0
563,inv_910,8fe9b9a3-ece8-4b9b-9586-d15f401d962e,sent,day1,day0
564,inv_399,d05d4d5e-b2ac-4b24-a7f8-3a86a5d3d9cc,sent,day1,day0
565,inv_934,30bf6022-309d-4729-92da-e9f318f21cc8,sent,day1,day0
566,inv_426,c0a42d2f-2204-469a-8b3f-534dfba5dd6e,sent,day1,day0
567,inv_945,81d6f80e-9c76-4dd2-b709-0134c26bb1c8,draft,day1,day0
568,inv_439,306f003a-f747-4630-841f-ee74734e5b36,sent,day1,day0
569,inv_954,b618339c-954e-41e1-9942-6dcffc263f7c,sent,day1,day0
570,inv_955,bee3d50e-2740-404e-90b4-471c1c6f8500,sent,day1,day0
571,inv_444,f4913f07-744b-4ae6-a198-f7e72abee2d1,draft,day1,day0
572,inv_963,ef928bbf-c2ca-468c-a249-183c14bcd5e1,sent,day1,day0
573,inv_964,ff98dfa0-e530-4b9c-96df-ccc922e4e018,sent,day1,day0
574,inv_464,0b6d6fba-4008-4b5a-976b-3d316cf8ee7b,sent,day1,day0
575,inv_465,aabfa6ff-c3c8-4e2c-8f6f-01b71927b67f,sent,day1,day0
576,inv_990,71324689-090d-44b0-b8aa-f554d6786867,sent,day1,day0
577,inv_486,0facccd8-9e7a-4df3-a7c6-da91f126514f,sent,day1,day0
578,inv_487,ce04d702-a0b2-4b8b-872e-3fcd4ef904dd,sent,day1,day0
579,inv_495,8fafc134-7688-4f41-b075-569b35edb2fd,sent,day1,day0
580,inv_500,4558f8d4-8fbc-4b23-a8b2-da25e9d10ba8,sent,day1,day0
581,inv_503,ea780011-ed00-46f1-be9c-79e22d1bc4a8,draft,day1,day0
